	<Profile>
<Name>[Act3 - Inferno] Champion-Hunting 0.3 - Siegebreaker</Name>
<KillMonsters>True</KillMonsters>
<PickupLoot>True</PickupLoot>
<GameParams quest="101750" step="10" act="A3" difficulty="Inferno" resumeFromSave="False" isPrivate="True" numGames="-1"  /> 
<Order>
<ToggleTargeting questId="1" combat="True" looting="True" lootRadius="80" killRadius="45" />


	<!-- Checkpoint on WP -->

<If condition="ActorExistsAt(6442, 913.334, 583.4025, 0.3031104, 20)">

<MoveTo questId="1" x="957.2688" y="633.5443" z="0.1" pathPrecision="10" />
<MoveTo questId="1" x="928.5554" y="660.0547" z="0.7377956" pathPrecision="10" />
<MoveTo questId="1" x="874.2037" y="656.342" z="-24.9" pathPrecision="10" />
<MoveTo questId="1" x="846.5616" y="615.396" z="-24.9" pathPrecision="10" />
<MoveTo questId="1" x="795.7397" y="621.5065" z="-24.9" pathPrecision="10" />
<MoveTo questId="1" x="784.9458" y="641.2963" z="-24.9" pathPrecision="10" />
<MoveTo questId="1" x="791.3916" y="660.9668" z="-24.9" pathPrecision="10" />
<MoveTo questId="1" x="730.491" y="660.7692" z="0.1000001" pathPrecision="10" />
<MoveTo questId="1" x="722.0953" y="622.7677" z="0.2767334" pathPrecision="10" />
<MoveTo questId="1" x="577.8288" y="600.0098" z="0.325069" pathPrecision="10" />
<UseObject questId="1" actorId="226784" isPortal="True" destinationWorldId="226713" />


<While condition="IsActiveQuestStep(10) and ZetaDia.CurrentWorldId == 226713" >
<SkipCutscene questId="1" />
</While>

<MoveTo questId="1" pathPrecision="10" x="327.2023" y="365.0622" z="0.1000001" />

<While condition="IsActiveQuest(101750) and IsActiveQuestStep(17)" >
<WaitTimer questId="1" waitTime="4500" />
<TalkTo questId="101750" stepId="17" actorId="3095" skipConversation="True" />
</While> 

<While condition="IsActiveQuest(101758) and IsActiveQuestStep(10)" >
<WaitTimer questId="1" waitTime="1000" />
</While>


</If>

<!-- Checkpoint before Siegebreaker -->

<If condition="ActorExistsAt(3795, 585.2902, 603.5988, 0.2250671, 40)"> 

<MoveTo questId="1" x="577.8288" y="600.0098" z="0.325069" pathPrecision="10" />
<UseObject questId="1" actorId="226784" isPortal="True" destinationWorldId="226713" />


<While condition="IsActiveQuestStep(10) and ZetaDia.CurrentWorldId == 226713" >
<SkipCutscene questId="1" />
</While>

<MoveTo questId="1" pathPrecision="10" x="327.2023" y="365.0622" z="0.1000001" />

<While condition="IsActiveQuest(101750) and IsActiveQuestStep(17)" >
<WaitTimer questId="1" waitTime="4500" />
<TalkTo questId="101750" stepId="17" actorId="3095" skipConversation="True" />
</While> 

<While condition="IsActiveQuest(101758) and IsActiveQuestStep(10)" >
<WaitTimer questId="1" waitTime="1000" />
</While>


	
</If>
	
<!-- From Town -->


<If condition="Zeta.ZetaDia.CurrentWorldId==172909">
 
<UseWaypoint questId="1" actorId="6442" x="402.5403" y="414.342" z="1.5338" waypointNumber="5" />

<MoveTo questId="1" x="957.2688" y="633.5443" z="0.1" pathPrecision="10" />
<MoveTo questId="1" x="928.5554" y="660.0547" z="0.7377956" pathPrecision="10" />
<MoveTo questId="1" x="874.2037" y="656.342" z="-24.9" pathPrecision="10" />
<MoveTo questId="1" x="846.5616" y="615.396" z="-24.9" pathPrecision="10" />
<MoveTo questId="1" x="795.7397" y="621.5065" z="-24.9" pathPrecision="10" />
<MoveTo questId="1" x="784.9458" y="641.2963" z="-24.9" pathPrecision="10" />
<MoveTo questId="1" x="791.3916" y="660.9668" z="-24.9" pathPrecision="10" />
<MoveTo questId="1" x="730.491" y="660.7692" z="0.1000001" pathPrecision="10" />
<MoveTo questId="1" x="722.0953" y="622.7677" z="0.2767334" pathPrecision="10" />
<MoveTo questId="1" x="577.8288" y="600.0098" z="0.325069" pathPrecision="10" />
<UseObject questId="1" actorId="226784" isPortal="True" destinationWorldId="226713" />


<While condition="IsActiveQuestStep(10) and ZetaDia.CurrentWorldId == 226713" >
<SkipCutscene questId="1" />
</While>

<MoveTo questId="1" pathPrecision="10" x="327.2023" y="365.0622" z="0.1000001" />

<While condition="IsActiveQuest(101750) and IsActiveQuestStep(17)" >
<WaitTimer questId="1" waitTime="4500" />
<TalkTo questId="101750" stepId="17" actorId="3095" skipConversation="True" />
</While> 

<While condition="IsActiveQuest(101758) and IsActiveQuestStep(10)" >
<WaitTimer questId="1" waitTime="1000" />
</While>

</If>

<UseTownPortal questId="1" />


	
<Continue profile="Act3Elite1.xml" exitgame="true" />
</Order>
</Profile>